"area_fips","own_code","industry_code","agglvl_code","size_code","year","qtr","disclosure_code","annual_avg_estabs","annual_avg_emplvl","total_annual_wages","taxable_annual_wages","annual_contributions","annual_avg_wkly_wage","avg_annual_pay","lq_disclosure_code","lq_annual_avg_estabs","lq_annual_avg_emplvl","lq_total_annual_wages","lq_taxable_annual_wages","lq_annual_contributions","lq_annual_avg_wkly_wage","lq_avg_annual_pay","oty_disclosure_code","oty_annual_avg_estabs_chg","oty_annual_avg_estabs_pct_chg","oty_annual_avg_emplvl_chg","oty_annual_avg_emplvl_pct_chg","oty_total_annual_wages_chg","oty_total_annual_wages_pct_chg","oty_taxable_annual_wages_chg","oty_taxable_annual_wages_pct_chg","oty_annual_contributions_chg","oty_annual_contributions_pct_chg","oty_annual_avg_wkly_wage_chg","oty_annual_avg_wkly_wage_pct_chg","oty_avg_annual_pay_chg","oty_avg_annual_pay_pct_chg"
"15000","0","10","50","0","2021","A","",53240,623263,30789497343,15588928423,238272942,1147,59644,"",1.00,1.00,1.00,1.00,1.00,1.00,1.00,"",2229,4.9,27930,5.0,2623752867,8.1,1292989175,9.0,61124287,34.5,33,3.0,1710,3.0
"15001","0","10","70","0","2021","A","",6416,66873,3443712569,1727752897,27823597,990,51497,"",1.00,1.00,1.00,1.00,1.00,1.00,1.00,"",414,6.9,4228,6.7,393538207,12.9,226168081,15.1,8283143,42.4,54,5.8,2807,5.8
"15003","0","10","70","0","2021","A","",28118,419146,26109106430,10824684943,164819594,1198,62291,"",1.00,1.00,1.00,1.00,1.00,1.00,1.00,"",516,1.9,12657,3.1,1415492027,5.7,559839681,5.5,40054008,32.1,30,2.6,1542,2.5
"15007","0","10","70","0","2021","A","",3036,28783,1504529285,798674264,12175892,1005,52272,"",1.00,1.00,1.00,1.00,1.00,1.00,1.00,"",107,3.7,1821,6.8,121112860,8.8,86747116,12.2,3615841,42.2,18,1.8,962,1.9
"15009","0","10","70","0","2021","A","",7166,70159,3747111854,2093603206,29432878,1027,53409,"",1.00,1.00,1.00,1.00,1.00,1.00,1.00,"",289,4.2,8162,13.2,593461013,18.8,370892199,21.5,7186929,32.3,49,5.0,2541,5.0
"15999","0","10","70","0","2021","A","",3292,3126,271271149,144213113,4020981,1669,86777,"",1.00,1.00,1.00,1.00,1.00,1.00,1.00,"",903,37.8,1062,51.5,100148760,58.5,49342098,52.0,1984366,97.4,74,4.6,3855,4.6
