"area_fips","own_code","industry_code","agglvl_code","size_code","year","qtr","disclosure_code","annual_avg_estabs","annual_avg_emplvl","total_annual_wages","taxable_annual_wages","annual_contributions","annual_avg_wkly_wage","avg_annual_pay","lq_disclosure_code","lq_annual_avg_estabs","lq_annual_avg_emplvl","lq_total_annual_wages","lq_taxable_annual_wages","lq_annual_contributions","lq_annual_avg_wkly_wage","lq_avg_annual_pay","oty_disclosure_code","oty_annual_avg_estabs_chg","oty_annual_avg_estabs_pct_chg","oty_annual_avg_emplvl_chg","oty_annual_avg_emplvl_pct_chg","oty_total_annual_wages_chg","oty_total_annual_wages_pct_chg","oty_taxable_annual_wages_chg","oty_taxable_annual_wages_pct_chg","oty_annual_contributions_chg","oty_annual_contributions_pct_chg","oty_annual_avg_wkly_wage_chg","oty_annual_avg_wkly_wage_pct_chg","oty_avg_annual_pay_chg","oty_avg_annual_pay_pct_chg"
"15000","5","5112","56","0","2021","A","",207,303,63282629,18358894,389650,3910,203337,"",0.95,0.13,0.14,0.16,0.26,1.12,1.12,"",72,45.6,84,40.6,30630160,107.6,3974175,27.6,134489,52.7,1266,47.9,65867,47.9
"15001","5","5112","76","0","2021","A","",38,61,10644180,3695991,86002,3365,174973,"",1.18,0.24,0.26,0.29,0.49,1.12,1.12,"",12,46.2,23,60.5,5518086,107.6,1643641,80.1,46749,119.1,742,28.3,38580,28.3
"15003","5","5112","76","0","2021","A","",121,150,27679356,8808539,180413,3539,184018,"",0.86,0.09,0.09,0.11,0.17,0.97,0.97,"",35,40.7,37,32.7,12015280,76.7,6696,0.1,29230,19.3,881,33.1,45806,33.1
"15007","5","5112","76","0","2021","A","",10,9,4197007,819641,16904,8805,457855,"",0.66,0.08,0.24,0.14,0.22,2.88,2.88,"N",6,150.0,0,0,0,0,0,0,0,0,0,0,0,0
"15009","5","5112","76","0","2021","A","",44,55,13688176,3996218,90931,4830,251159,"",1.22,0.20,0.31,0.26,0.49,1.55,1.55,"",12,37.5,11,25.0,8004362,140.8,1383009,52.9,38784,74.4,2346,94.4,121981,94.4
"15999","5","5112","76","0","2021","A","",16,16,2877750,1038505,15400,3532,183686,"",0.97,1.33,0.90,0.98,0.60,0.70,0.70,"N",6,60.0,0,0,0,0,0,0,0,0,0,0,0,0
